1	272120	693566	681958	661384	298305
2	405578	13547	264889	405577	513833
3	368671	599641	141943	141941	141944
4	543722	25939	84897	336926	60602
5	86888	354736	407249	410316	494602
6	339184	315718	223840	474119	513380
7	468038	22626	257342	445643	108987
8	308839	309018	308966	90137	53988
9	254655	162745	334559	44538	261212
10	216160	399709	24240	353625	546122
11	527315	250488	165354	197415	12864
13	589610	25286	76471	392160	320164
14	376171	607862	337082	536977	377477
15	27755	362280	506092	65951	280701
16	122038	302926	228380	358682	184650
17	326632	176700	140424	95055	625442
18	90491	90449	26599	90453	47055
19	634821	169304	549689	69139	575663
20	36360	547709	435679	568600	588354
21	6967	645073	189804	644661	457626
22	376171	206319	593637	79894	65182
23	642052	681958	661384	298305	643891
24	251920	589377	323518	290850	28221
25	335667	65849	597562	241625	105385
26	439235	617714	10056	94912	339577
27	30950	277302	25096	291767	539874
28	1215	112926	145553	107984	121989
29	438925	299487	588149	540198	310511
30	162623	180443	180820	635187	394805
31	3939	262622	285435	349285	111885
32	196569	638403	1450	334327	637917
33	28344	13932	206134	536112	520293
34	280140	4512	566243	364898	422803
35	159631	162623	221444	567	249946
36	30463	393333	251817	622985	345176
37	331939	329109	201940	271580	156962
38	166186	435057	90459	324213	255430
39	27725	545456	288455	378464	13712
40	352152	129306	76973	417749	368901
41	315718	81397	265578	142740	522870
42	241809	338482	391428	143798	486924
43	626859	464700	626856	17400	179411
44	518489	81502	636312	224860	305922
45	96966	62104	177615	325826	382585
46	160040	39945	14096	377136	75573
47	696216	340681	696128	696437	697138
48	230536	194448	272338	256255	448609
49	335667	354736	358691	225227	44266
50	551909	539947	46073	346302	28344
51	25939	150764	60602	124171	494370
52	2027	11778	15078	414515	10465
53	210439	60602	229703	3264	113769
54	56670	264328	608805	34359	38421
55	354040	523323	145205	2221	324436
56	482166	146611	705395	392876	325020
57	265815	199384	387946	497767	106786
58	595619	23998	707212	151064	47342
59	510841	352676	397914	462537	113626
60	7803	148330	591568	336978	76586
61	216657	88295	2424	479104	200988
62	606399	617496	473633	630427	53625
64	354415	41702	35392	582713	627118
65	347492	54165	61419	225662	234946
66	90453	4460	134925	81839	438692
67	522980	357430	534937	75573	128069
68	553678	337008	459838	81397	413836
69	151915	257619	483752	138777	494370
70	281666	364152	509783	209933	505075
71	16846	17575	239284	482038	399615
72	488152	345243	345321	108010	306442
73	195825	465508	460653	460362	54450
74	430387	442026	314749	26445	219776
75	197581				
76	492269	635465	511765	112388	204453
77	408765	128428	196156	169162	177442
78	151630	58190	618117	249173	237092
79	503644	595403	168066	636219	511458
80	199179	352298	391499	60771	148562
81	453858	62501	2027	272482	438145
82	77834	630102	109129	231973	507404
83	520547	498110	82835	331461	442676
84	310312	26166	627762	627763	627758
85	625127	635347	602754	40598	271655
86	166426	101877	453881	5741	161044
87	168066	315718	125275	439974	316765
88	70594	79920	538684	624342	538694
89	538629	298305	593210	14512	196102
90	113824	414513	14546	354165	438145
91	5526	602390	39870	463711	56635
92	149864	230548	10709	503757	546582
93	9928	7107	460579	160762	303326
94	237857	155059	155060	263306	361862
95	527165	271554	467138	187390	383139
96	655153	304407	655906	655293	655720
97	195037	602409	336926	390030	77142
98	572741	377551	642052	642122	643891
99	135029	135030	374138	135028	374139
100	594725	67892	154153	170523	591843
101	302466	413980	52859	314064	290710
103	261375	633220	288612	44913	63507
104	348116	593892	613638	50074	703598
105	15062	32311	326827	331284	273807
106	248107	242775	276217	234057	249447
107	391820	525283	200955	438690	583665
108	566553	556937	618117	504432	105849
110	448543	607301	504497	201649	290067
111	19389	27718	13547	622740	450652
112	123960	413913	248755	230925	255644
113	264861	268837	287521	520141	4136
114	133915	107294	422228	370461	371290
115	200693	2386	285626	585884	586037
116	259354	269454	327840	607862	633717
118	172201	418328	386147	368393	17633
119	104476	319095	370329	9296	429707
120	546054	4910	215678	274330	636287
121	302200	180760	300254	190835	130014
122	287912	504432	618117	383362	109564
123	398346	218203	26978	450322	76668
124	377551	439974	480027	150399	527232
125	90449	272885	90448	226929	90450
126	543167	104487	625127	158124	102716
127	10879	411783	69900	641422	6363
128	248151	159659	140947	44964	203355
129	333773	354736	165843	552755	358993
130	67584	243271	465436	111670	257583
131	621707	71730	257814	271026	135004
132	61725	483752	615297	483749	321778
133	371225	332141	625127	632837	64885
134	67892	646131	68258	601016	76358
135	43821	433733	445021	495889	481829
136	445358				
137	447528	79845	79844	528279	435602
138	556043	160551	373020	270711	270716
139	163826	300626	315718	142740	492831
140	358660	151680	37253	178693	358659
141	506312	186391	183306	192112	326459
142	439235	478199	486826	231057	513947
143	480391	165843	175176	28344	459371
144	317718	315657	6917	229654	502919
145	506062	606641	178667	207832	73232
146	442572	161645	254132	150513	323448
147	170196	86196	433472	166816	183275
148	92706	499806	593210	600482	234785
149	46012	300254	265408	41638	44266
150	83090	59731	452622	608471	391639
151	55584	263744	265356	538312	473262
152	273041	418763	5581	622820	271206
153	410316	48241	309002	3134	104696
154	507691	345931	202262	269478	438692
155	571534	571600	571790	571696	571812
156	581727	602754	393226	602902	611664
157	163826	81397	108010	91464	219531
158	101912	406395	127577	19757	275937
159	128942	9893	81690	424795	501359
160	255029	120448	21217	44290	460653
161	59669	373395	540811	76388	39598
162	163826	439974	173621	401239	393226
163	333773	370408	207452	333777	119018
164	166626	97797	393647	610729	300021
165	71902	11065	224511	213546	84834
166	671732	672195	671581	671827	672107
167	28444	170991	255822	333940	645640
168	427822	600478	59860	629239	167994
169	392396	281744	7049	453363	359445
170	565861	91037	35559	184920	257265
171	300626	315718	661384	637954	657033
172	485462	398023	545309	127313	148611
173	350199	522337	264768	466046	440003
174	424802	65132	74146	110126	110125
175	68348	3828	383104	68349	501180
176	133656	57803	134318	636901	501746
177	241147	392369	144829	35048	170775
178	218031	447909	233499	255430	255431
179	504432	121135	194536	364273	255264
180	163826	455485	54424	104487	233344
181	612896	140682	267036	583978	323388
182	272120	158522	54999	271740	601572
183	190161	310845	53458	377477	310513
184	567	320315	616982	125700	121370
185	138193	377477	404841	13062	63994
186	371017	105873	144257	213302	416847
187	456000	210166	96495	516768	79031
188	257346	23541	4800	68478	171294
189	630818	569797	617279	573869	182978
190	79845	79844	840	435602	1841
191	57455	371017	215106	341450	243611
192	277814	383948	310176	383199	407128
193	79844	121910	15062	383362	394044
194	58190	387030	184594	619071	218924
195	5881	123903	1027	35350	65091
196	213021	600184	156671	127062	97247
197	602881	110362	76207	37201	325542
198	327720	214524	293094	393190	103184
199	20301	207452	632837	213421	214811
200	458724	139493	554244	173061	170188
201	277985	391236	185067	259047	403251
202	139848	37245	2819	127627	539095
203	46991	223860	393647	29467	550496
204	99723	594150	137491	391772	16268
205	637446	209577	150383	637809	638410
206	451070	307284	81065	42813	175720
207	168474	217476	110251	150011	604507
209	248151	195640	195641	195639	623487
210	167498	625592	104326	241478	623737
211	257497	196934	138193	25294	264318
212	119337	271740	71772	521753	3429
213	626402	11873	125958	57748	259800
214	330534	433757	445965	374424	145487
216	165461	274508	141465	555200	510828
217	144160	257657	439974	14288	4888
218	265572	265577	265578	335015	651683
219	48271	325718	181266	494513	463443
220	693566	642052	681958	661384	643891
221	367027	264318	234785	478400	391572
222	103124	132813	247309	60425	121225
223	436901	304702	489030	130660	266238
224	168831	168618	119646	166858	192413
225	120975	68806	363859	61046	517108
226	568719	574895	571386	358350	574902
227	652171	652222	649587	69473	494736
228	263090	234883	227610	598456	391639
229	67080	172444	101992	149987	360760
230	5532	90138	374648	20160	339942
231	104522	207467	214292	360120	210639
232	7611	14052	120060	225402	346116
233	265578	299768	380911	566090	154153
234	179145	137161	104266	153002	615297
236	710647	378793	170188	617429	519406
237	341830	662656	400106	213219	340935
238	74015	106754	502887	593803	335115
240	86888	223860	418328	447647	649023
241	312882	642642	285996	616405	582408
243	334427	189116	403521	201660	61138
244	163826	337458	300626	281202	629992
245	443141	19339	477358	423758	292018
246	142257	503585	43730	281580	119431
247	212417	612645	150756	17717	380911
248	495997	468422	158124	273359	53355
249	403521	42284	469459	243880	550496
250	15983	241478	264318	58276	12643
252	12146	617667			
253	576560	480391	522870	189804	508637
254	74924	136516	216519	136515	213492
255	625592	144160	439974	196102	376871
256	46991	638902	260144	583837	637271
257	59261	42284	438145	608718	46073
258	21856	424831	596008	445534	382848
259	140682	301116	423350	1187	4031
260	146296	95948	518033	8076	31173
261	222357	602618	253537	542707	307173
262	251898	408927	253537	169478	606271
263	594150	44420	476638	336824	183112
264	347722	263658	48351	422516	542678
265	282709	7708	142883	486316	10465
266	30950	65222	109129	516795	340904
267	114092	501264	596224	72102	541971
268	552755	494144	710011	198044	194573
269	479052	80070	105596	23052	640790
270	375976	320652	323077	630427	536064
271	638297	202691	638303	637349	53691
272	42657	7711	21241	174823	327009
273	241147	392369	459076	434094	35676
274	22896	545422	22135	340460	146479
275	139848	303017	180443	397123	566519
276	272120	222733	175501	101081	138777
277	8634	53421	266628	613017	138803
278	325434	412302	241594	270393	340995
280	345860	472537	184594	208063	495653
281	60539	638368	638659	638820	638403
282	237267	639125	210962	231545	283554
283	485705	383019	99005	495349	308339
284	78934	263658	21856	633220	212662
285	365785	125056	706950	316594	636771
286	293799	529036	605831	280760	67727
287	72170	535901	100162	20300	100160
288	352298	242509	393226	154153	353055
289	627162	340995	340996	597393	488299
291	241478	203735	336147	214034	61753
292	257129	287912	292966	404296	401239
293	163826	707811	237974	175501	505706
294	414581	140550	372596	236929	177615
295	607030	258139	184761	126809	104850
296	27669	304876	7049	491953	164427
297	77892	160348	345343	358539	49955
298	529439	358540	458294	91464	509796
299	36773	56043	97238	292	466746
300	123218	4603	51676	1288	151734
301	304467	237553	45455	630279	10954
302	466475	463724	538629	538602	703598
303	576560	572741	573516	573869	576705
304	605802	361611	537512	47891	178419
305	701963	702885	518153	588149	703110
306	350590	586037	78600	73688	101264
307	485790	73862	357969	358623	360760
308	229408	300626	136322	473979	450653
309	36360	339134	50197	593992	403561
310	596869	305478	167046	352549	514295
311	302466	176700	158097	322179	147028
312	269310	324246	608582	102293	630864
313	201362	300626	281202	564285	693566
314	572881	15685	2246	104020	13831
315	271383	572741	573110	307448	583318
316	710430	48241	238814	159712	295531
317	438333	472537	183944	353332	458177
318	237854	13107	178385	193356	385618
319	626688	335667	46860	660878	429116
320	223860	90459	352549	27457	196621
321	153205	561130	191567	314479	196987
322	53198	109395	29467	229655	151124
323	67038	137030	599641	422710	293366
324	494076	215891	21452	428763	4888
325	589610	223860	238820	280140	289204
326	91646	341586	638998	311016	358050
327	599023	435396	223239	119034	446859
328	608389	666591	98717	665772	665820
329	628834	37253	436002	628051	348710
330	48563	313623	514863	208699	219675
331	156336	597562	635187	184523	604198
332	195051	257219	231887	310780	426465
333	102166	254893	262133	304300	11458
334	229545	269606	202714	254973	334540
335	198257	220145	134902	326645	593210
336	544116	587294	607015	430196	607127
337	111147	440326	221617	306201	457043
338	196102	299768	264318	82568	403187
339	592935	480295	707687	58276	198489
340	136515	142966	182367	566090	141568
341	168090	188884	172609	188321	161225
342	559327	560094	121910	560251	559362
343	390767	209192	261532	185043	587236
344	127895	557457	130154	396078	308729
345	711103	707970	176840	96482	387739
346	468422	144160	643891	634734	631818
347	396998	582919	458226	542938	256522
348	247252	413980	595950	535169	617173
349	119886	207534	243271	34350	336926
350	272120	352298	494144	175501	146277
351	4436	371243	490135	13264	20165
352	309789	467304	318123	318121	369779
353	606202	175176	315881	147028	256469
354	108387	355901	213421	536002	398067
355	323518	408707	408693	408711	420359
356	246555	561010	184624	110251	88473
357	234400	272050	96966	710734	501687
358	165461	45797	56670	458264	343815
359	122038	180820	111013	285937	37075
360	195506	492288	602580	298410	298647
361	278435	278448	371909	278442	278454
362	11800	71142	94486	29973	11119
363	352385	392396	400662	483584	354442
364	249885	263744	189804	2435	271655
365	542533	338343	459007	290803	310780
366	541987	60539	584205	63269	443512
367	602595	622825	174076	196837	60928
368	623771	398911	56994	261964	44290
369	335667	109254	14813	315881	177329
370	27111	436901	313623	281842	48436
371	227428	250094	293150	426117	55011
372	298305	602754	332431	480027	605390
373	621366	29944	100160	521746	385801
374	157459	552755	534702	226685	608087
375	374081	102377	108707	31617	176603
376	522337	37075	380911	14288	445534
377	704891	704560	704396	704893	65987
378	108874	608389	588497	11873	163430
379	149316	424753	211500	55011	44167
380	251112	63298	613124	390364	194556
381	455060	251898	265572	580032	273156
382	579185	262469	579589	579688	265577
383	235042	626425	215110	195034	459938
384	447528	401239	405578	508983	520384
385	545420	545801	185109	561333	545429
386	36773	229866	319432	173962	295406
387	357430	264318	92327	69681	92374
388	345931	331305	840	328256	616513
389	252205	34421	208222	292	604317
390	65849	73232	448997	196621	234166
391	195051	435057	240237	529483	157036
392	425378	277743	61881	277747	322027
393	27669	238820	630193	362116	457722
395	272120	357430	340681	601572	86347
397	393226	332431	64175	68258	626781
398	165461	14813	158097	159712	535169
399	82670	1730	40540	507611	127667
400	358691	153744	550955	205788	231481
401	200334	550496	260992	130258	236360
402	219151	385121	392396	56161	79043
403	455060	315566	239826	586852	127948
404	153718	419062	454599	261098	388816
405	310415	161645	492899	418735	457722
406	220378	391428	249826	251832	53689
407	685148	213291	684865	406395	685480
408	174164	125234	535121	30005	169059
409	124719	624275	461698	501687	25306
410	158522	536228	637891	703404	637893
411	27037	531427	71314	57543	352778
413	222224	56135	135889	20866	226593
414	633220	352549	591843	41375	636045
415	124719	18337	241062	414353	318010
416	398911	480391	443141	426113	490673
417	667189	46991	180820	160040	263624
418	479868	472986	53458	18393	377551
419	208613	35210	148298	35209	35213
420	282859	367265	440331	611202	4265
421	207980	542399	309441	542398	37518
422	37075	551329	558564	74659	194096
423	70061	121910	471027	210962	54279
424	372534	478400	128069	232762	10465
426	62571	338985	438333	34724	176521
427	271383	91037	630193	639788	172911
428	377551	101912	439974	189804	145502
429	26601	2460	705904	25306	347411
430	632799	587324	210424	599538	210425
431	260162	435768	457685	705956	327361
432	31976	307284	90555	453839	460974
433	28731	93904	37473	65437	7807
434	51629	307284	545526	62206	225185
435	95165	189819	189818	182525	95159
436	160551	280569	250252	197126	302984
437	61238	190243	441372	179084	6765
438	473327	644584	404296	537263	656471
439	153205	441603	2819	65146	44266
440	473391	123655	464822	318805	58220
441	208166	246953	359134	492108	426321
442	573741	573516	573507	80258	572288
443	143977	251898	407844	11351	215891
444	105862	105873	613780	105849	613736
445	583049	313623	281842	220538	460438
446	186558	276021	489052	428638	211754
447	624802	218856	17717	459023	353559
448	626406	304112	451735	214805	544042
449	212230	453974	49786	237332	544276
450	30888	210861	581190	605916	544652
451	407249	16268	278769	253801	144826
452	564285	435679	237974	267682	375346
453	79430	413980	501901	611237	621306
454	272658	290085	157036	604072	628143
455	471943	32603	444938	232444	444937
456	669312	669607	225227	669481	669381
457	203699	55024	390303	395225	341497
458	473553	37870	546294	541185	595047
459	99723	79430	577180	577118	274036
460	576669	210743	244829	578683	578746
461	79430	647626	647002	561484	647602
462	135706	248986	522113	152583	149652
463	391499	612896	634821	492831	411702
464	259031	598961	291818	290844	509924
466	136870	331209	627628	378789	380517
467	263658	447647	185411	260162	328895
468	494841	452763	176214	601707	105138
469	143977	5817	88153	627303	11351
470	116002	220225	152872	267450	104642
471	95056	305478	273352	138543	277861
472	337458	588267	183924	533450	150764
473	545719	561021	23691	138681	255518
474	96016	502520	442687	449125	15160
475	457769	587986	162964	237854	397500
476	190918	25534	293691	268954	433248
477	32979	326632	469065	272249	438284
478	126416	597148	553407	173709	65987
479	293162	457003	210639	155980	135754
480	557687	97130	343966	236672	163307
481	195825	542563	216382	11080	553230
482	485518	91646	414581	18337	272523
483	597562	376871	304407	605390	530714
484	201362	310415	315718	333773	633220
485	487325	710044	184523	111844	145205
486	402363	499581	534435	625127	624464
487	294038	326632	176700	373416	600482
488	535367	61356	294745	534673	220611
489	506062	109254	69149	382450	566519
490	337458	121910	315718	604624	45932
491	443141	25306	91464	57226	12977
492	99723	206319	265498	104526	484530
493	682125	233344	681958	682591	682112
494	99723	112174	264318	494144	178178
495	509924	164511	73252	4059	388628
496	588354	154244	556312	448732	283554
497	565651	439112	641881	642052	642122
498	187664	539921	464889	125718	210511
499	351746	34359	615927	277763	74744
501	262469	638134	638612	448156	586586
502	201362	593210	14512	522870	201365
503	400613	501687	30947	505640	545803
504	215106	401166	68222	413693	407191
505	626688	376871	634918	564278	363321
506	89729	281202	281206	239840	473586
507	435086	207877	291885	406395	202399
508	599023	393647	28706	624802	237092
509	704891	704560	418279	704396	704893
510	462297	43435	171504	62946	92553
511	163662	368687	81045	2819	378461
512	386385	27718	562055	562382	190663
513	172568	457727	239966	420083	420084
514	91037	264318	91149	16776	10056
515	312882	234523	114970	377136	418808
516	337458	377551	333264	127577	609270
517	55650	438925	459510	544126	545467
518	160084	235182	588267	202642	134857
519	372887	231925	25322	84545	53010
520	477956	477955	372591	533506	192242
521	585303	366883	602172	498818	629147
522	406931	115989	169090	200933	251551
523	287706	364622	426699	96202	169996
524	235864	234566	603696	25639	234567
525	111793	479778	596469	544310	2249
526	292884	258396	508853	487417	546628
527	363214	373127	160892	294546	85002
528	173941	108196	498809	322131	5740
531	403312	158228	158229	347663	58551
532	58549	410781	581411	461574	58550
533	630081	123490	262413	706778	101217
534	89288	485222	439213	485221	439203
535	635942	586393	213083	401335	157921
536	421732	462423	472783	376276	126340
537	448985	183762	119136	535718	109744
538	10799	25444	62182	604547	10305
539	311111	311112	349695	311113	349696
540	80707	80359	260980	477550	205800
541	293728	88139	255405	193991	433189
542	15767	232750	588725	628653	458891
543	456532	210395	251692	20259	51059
545	70658	481686	209128	182669	273941
546	304819	186081	296895	435871	202381
547	628058	395916	489567	17026	232435
549	415431	22470	319050	83941	139725
550	74523	316547	223604	37146	172460
551	538966	236818	465190	533481	184484
552	276141	48898	276140	324493	323175
554	275381	275380	413319	275379	180476
555	628624	413324	632925	35320	24079
556	417401	402513	62925	64736	107306
557	216610	228003	182092	36400	204432
558	208119	545307	421241	682691	366300
559	143078	4626	295190	273938	295191
560	300492	361399	3188	589133	645998
561	122723	635467	545829	608756	341706
562	390534	183016	70717	333044	70715
563	287706	232232	86376	151607	103787
564	442845	586668	46429	102983	359668
566	21390	79134	376373	376372	598048
567	545590	553650	545589	545588	31477
568	291615	196907	72552	147745	188116
569	37520	152431	596764	407741	452630
570	479444	308500	216790	308418	211119
571	632511	40720	308418	308412	430034
573	117625	183796	215683	159714	176780
574	546033	168198	99040	546029	545382
575	269297	217715	526171	260952	78402
576	87135	334682	77231	138179	421156
577	683693	56162	604453	322505	683573
578	141491	440259	293814	113350	63324
579	438914	467075	629695	345364	427860
580	526713	561107	561177	561191	46049
581	61934	360177	61935	227008	259661
582	82708	51086	629023	257360	95493
583	124740	34997	395487	465090	364457
584	61935	67825	106283	67848	14705
585	267055	524603	331182	485401	391570
586	616496	119739	52693	408679	535638
587	328496	179400	243437	345036	57249
588	203647	134961	238216	252295	329516
589	583500	377467	177087	242322	583502
590	426017	545008	360195	432917	337116
591	224570	212367	224569	473548	214102
592	607124	321771	135498	339802	291804
593	210350	43017	114535	210353	210348
594	207263	461960	80834	535718	121080
595	602681	235881	18604	612058	288849
596	365099	689	372590	467368	627359
597	81437	361650	80338	370160	499422
598	338931	101053	241458	370467	202328
599	466858	62310	259972	417503	28088
600	48859	35805	23332	41904	374021
601	345083	588228	6418	103548	29472
602	564012	238185	564013	228224	218046
603	101148	48306	333456	32376	386570
604	434447	464934	485610	151835	295131
605	255563	227166	3316	459015	489022
606	105779	409907	357649	105780	208424
607	49997	195311	32555		
608	199901	527601	527617	199899	527609
609	139691	95443	456771	386050	187488
610	42470	355655	430261	121757	161987
611	235429	508320	614240	614241	116845
612	185940	13054	140958	375074	6478
614	309931	309925	337438	52079	309934
615	113161	3894	35961	242516	97590
616	627277	419985	629266	63475	63544
617	166398	43503	230296	424325	166397
618	588725	420389	591350	324536	48523
619	140120	42135	127006	438815	706477
620	17212	183779	296305	236854	66311
621	358063	627137	75014	252744	87766
622	410614	197005	248150	9286	29071
623	484542	461341	543839	137787	368304
624	31974	445352	710032	55483	347023
625	460726	529486	150648	432256	60817
626	29071	450672	450680	563560	450670
627	535984	222131	376980		
628	31184	46321	33531	33533	33809
629	535068	270139	536223	464486	535067
630	532977	383192	140250	30994	155752
631	21424	596923	134415	253814	89860
632	227392	138461	69363	65376	187570
633	209159	175540	209158	209118	465644
634	552813	71658	552812	546409	155873
635	543703	439296	543726	283586	25740
636	433334	499685	325274	275378	74852
637	217786	157723	595309	244822	27500
638	406280	199866	264892	264894	58756
639	133593	208119	317412	267762	526860
640	286244	174695	39437	423255	73207
641	43371	157775	248150	213997	235698
642	239115	264691	264692	56981	505559
643	443023	113723	205313	264793	210216
644	544023	372360	410326	83840	176244
645	71360	207647	223603	235374	386291
646	482482	26535	603207	603206	603208
647	427223	466299	427230	466296	54729
648	383512	463069	516625	458414	409554
649	401302	503359	479778	275580	621640
650	168920	180604	238203	157527	632563
651	486026	544684	54780	11376	548271
652	170924	342381	590025	511	211316
653	165367	382219	349744	134589	708894
654	390036	473395	455863	453245	3692
655	49644	34860	179856	535945	49645
656	458883	396547	177458	187782	329073
657	209080	209208	138941	233778	137945
658	239115	425179	546621	239117	50813
659	189485	629961	465641	623339	90969
660	7727	595892	282730	709987	232030
661	210395	3577	4393	440562	145975
662	200311	98168	51096	386208	4110
663	486263	2169	472534	14664	188309
664	67297	505172	540935	211009	489048
665	359756	30913	314077	177362	181604
666	64235	599788	184005	351924	316273
667	147586	511261	544247	544280	3558
668	244757	544571	3929	293251	543397
669	102983	239359	315407	104680	115163
670	590804	65751	167578		
671	377161	382084	264397	266778	382081
672	398776	363439	363440	459804	238649
673	537658	358823	322641	443216	178154
675	24490	528998	72220	627433	35198
676	379049	66717	379042	168310	37504
677	463059	235767	259226	208821	279427
678	46447	150696	150695	599898	6661
679	179166	114296	465446	114295	364471
680	380992	259277	84355	259278	259283
681	148698	424979	487381	98848	159427
682	74513	535029	605570	372399	535030
683	267730	538472	395916	501132	56989
684	165025	239566	404144	521502	31232
685	507117	585688	593949	373455	502334
686	238207	410889	633471	398824	397888
687	268570	380992	420285	207232	60158
688	326115	706155	152038	188685	89410
690	7357	192088	226061	383076	430396
691	366831	445272	209319	181140	103679
692	141288	604759	204380	366128	478887
693	150648	646064	418873	62108	646066
694	54614	290842	131178	22405	362345
696	175937	130990	130985	14197	149996
698	443096	513697	15363	414653	168631
699	114799	162211	442224	219255	707641
700	150898	493441	138495	4868	301310
701	445748	706187	447193	506	243243
702	272599	212874	59846	12278	370092
703	261924	61312	69209	587642	483066
704	188862	587110	266889	184996	66666
705	148948	261718	455672	599108	2769
706	101973	63989	89565	707162	30981
707	107027	705157	190136	705156	327772
708	147201	147197	209091	147196	
709	589777	153108	17946	136132	510081
710	47332	6659	211504	152989	391998
711	673605	673005	174585	174586	120688
712	142288	151927	543701	40843	5160
713	393839	546232	55075	154042	604903
715	81646	286547	116057	410757	350993
716	498213	101010	484935	596319	13934
717	215165	438437	594798	602609	606903
718	477374	385732	101172	128360	155590
719	489628	591237	592597	119292	114400
720	493724	78808	114794	89509	135509
721	197563	595217	210307	24999	242516
722	80309	227166	253433	134589	17753
723	207876	646091	83341	57692	282790
724	709332	550280	438556	207865	256878
725	14353	446357	485826	320609	99093
726	108525	150653	387928	8784	355528
727	196714	144865	101952	451262	343085
728	287848	293500	293498	460461	549232
729	152765	317577	383580	49219	706160
730	356854	232750	499199	220571	461608
731	373770	176919	33957	636033	241086
732	181694	295801	404403	156745	181098
733	639190	16895	504299	321901	50959
734	17212	15767	171094	177736	370188
735	45562	161273	504494	42242	9704
736	372150	128098	110529	372153	283898
737	214541	34375	203647	472128	74380
738	219811	130342	618708	233145	242067
739	309977	315901	531392	419532	224652
740	86260	143303	71222	15807	463843
741	377706	513032	376606	369959	376613
742	8345	71326	608294	218457	426699
743	258641	191106	71905	258843	482708
744	250750	179309	429476	283064	522400
745	201100	249706	18822	405839	587472
746	460726	113766	183160	209540	144551
747	164786	164788	164787	22986	267302
748	614327	11316	489048	484988	450087
749	429661	637299	638163	625388	637407
750	119739	339171	173835	410021	103046
751	186555	460598	602226	234956	50681
752	49077	546205	546366	606877	606900
753	21701	130971	58037	95190	486929
754	269377	544093	346217	412205	430465
755	236011	147687	148281	217833	410851
756	276070	49219	254105	254104	197592
757	592769	409677	391355	232232	369221
758	4942	267324	142021	185682	186764
759	583174	432296	398776	330081	277900
760	516254	516354	170465	458891	157082
761	192110	395633	86376	300734	707619
762	129807	458667	372378	97602	155232
763	531042	252928	252929	272095	155872
764	605240	352880	440259	164563	28658
765	42470	500837	552307	56154	313534
766	126852	31012	48644	464306	476894
767	118511	598808	56315	319048	231173
768	291229	346580	244166	348378	67088
769	455712	19534	381591	203174	455711
770	57821	426378	267950		
772	276206	171845	181876	208667	546407
773	264903	255005	75167	373039	587206
775	175376	160927	705337	590879	366437
776	12560	169409	19772	215741	137560
777	270022	270021	388137	69428	38666
778	622792	95736	622794	513351	555672
779	329395	276476	79777	204078	243044
780	66781	94741	242516	41172	362923
781	117904	426433	426440	602777	595090
782	217405	138622	604468	60158	599894
783	390539	71683	229031	86631	450538
784	174078	440339	244248	44593	60922
785	185921	442140	135931	427707	499265
786	645856	262195	68517	288677	108509
787	165367	341811	270010	23698	406231
788	269755	543389	425949	340878	593638
789	49644	338984	621753	174441	329111
790	505172	119056	68292	70979	403091
791	235243	170852	273625	79525	25260
792	39851	433387	27363	187763	607792
793	280583	309978	309994	509798	283470
794	269297	17946	260172	277686	308574
796	321616	543801	356793	603124	330493
797	603130	603116	545059	369863	217343
798	461608	80472	62160	492929	497466
799	148581	296305	68218	89410	116669
800	337436	53119	493574	176147	424325
801	278861	391152	483123	534269	706116
802	52829	187651	455923	30924	26562
803	210395	186380	391445	493771	522941
804	50176	182637	125156	467231	75969
805	546077	198540	607096	193680	29586
806	241262	462957	112052	109069	417615
807	471761	297583	201176	183920	423495
808	584947	498604	255724	498608	705677
809	190548	125734	145689	214231	391445
810	97271	159893	516180	131232	516198
812	72412	364622	174687	262646	174684
813	482844	73003	481416	494276	73006
814	63638	397357	449077	405105	185600
815	209067	419719	555778	47740	195485
816	26626	553649	553685	489068	553658
817	19388	363785	264	328115	363787
818	96634	87331	618020	135636	96638
819	306210	484542	405291	197109	167312
820	304384	20308	447943	555372	134604
821	106247	167147	251417	175342	177705
822	525655	266889	266882	459786	259277
823	6355	263102	428298	545155	167286
824	489998	429300	390943	216778	220437
825	267230	437629	39415	335693	301320
826	279979	21957	390539	7092	201963
827	359756	374450	172493	309761	67411
828	251346	516254	218206	107951	27320
829	252746	26921	90598	257415	311043
830	38787	362553	184263	224901	12724
831	605299	531495	228202	68292	319267
832	62111	166398	613375	608962	493480
833	561039	18623	67747	426810	426809
835	96269	83134	608927	121241	435453
836	120433	146089	554971	381603	178044
837	21228	222282	543937	405165	222276
838	467941	412048	361743	493164	440615
839	37146	167523	543160	605059	19993
840	267939	47195	48739	159105	79777
841	8504	80596	196737	27019	210207
842	185186	168047	436855	183622	301318
843	601883	438487	170727	593862	598834
844	403035	405971	12278	405970	106905
845	176309	192523	442585	270458	353728
847	236717	184005	250767	96219	230
848	231827	535210	511039	231823	231843
849	532216	7698	366131	337303	18028
850	27766	107927	179916	183660	499522
851	605240	6934	15144	18199	510672
852	311334	566563	144837	137870	224680
853	446357	633436	22478	245303	637022
854	48518	262537	554105	302924	223953
855	254613	137120	347744	513007	231033
856	262975	56434	416490	210307	280542
857	65724	159723	563965	555536	483844
858	639190	683093	673785	22958	609098
859	303058	319586	494799	219361	228285
860	347704	54084	59389	443813	258703
862	245805	342825	636674	593251	618807
863	167883	21958	26309	612810	
864	485826	207416	585253	48411	316450
865	176781	107717	462138	107718	400130
866	31525	31974	207554	22283	14331
867	255721	57138	328674	7098	100737
868	303418	529379	365099	50337	121512
869	13425	365971	428643	233991	372307
870	439689	52597	209400	421816	209398
871	623007	72759	266451	336953	707033
872	390470	236508	144130	583951	458733
873	540935	515451	491930	104442	522949
874					
875	168806	167295	166804	397991	166803
876	191110	6204	452501	503989	321294
877	619124	615563	209204	288849	421329
878	236717	199404	230	199256	175891
879	353329	229134	469448	354720	73207
880	101010	472112	16751	13934	59462
881	608592	545307	365726	429305	309756
882	482201	40999	707162	482205	458952
883	27886	152321	195746	18095	152319
884	265996	265995	339782	102335	102332
885	43332	182738	478929	237059	234049
886	69241	9050	77211	172657	492696
887	74523	179661	352355	328759	408125
888	238664	125696	170172	182192	596923
889	602231	256728	206331	407852	250196
890	366251	294075	346918	438249	457978
891	472331	139783	472290	472274	472307
892	542862	136238	136239	132	356768
893	535341	56477	441162	223399	357952
894	250750	24490	704992	432005	298264
895	142592	500319	11316	87658	381243
896	146012	118702	538419	478892	46148
897	171348	564012	564013	218046	204472
898	437438	182761	263036	481708	509412
899	193715	195922	295266	4979	357997
900	354751	210452	634610	141818	117617
901	57077	243960	29998	349650	480433
902	92111	706737	391704	74983	259446
903	270391	75642	339730	178190	62440
904	527562	629961	217913	225592	426433
905	48644	304827	218489	158123	204680
906	248865	445558	385174	23332	249471
907	511560	120259	313629	554150	475139
908	90019	358333	358336	555874	457693
909	200628	386084	204691	300209	17262
910	594267	266720	621706	239098	49100
911	165367	543342	259972	236185	261636
912	357542	398824	175372	617688	205339
913	429424	430538	544055	370308	425103
914	138920	550324	196281	554080	430747
915	421241	277201	236508	435871	300678
916	168801	170161	296925	420465	201218
917	43426	524309	46159	353390	349744
918	320224	209471	425654	122211	381692
919	605347	552085	287299	706804	566306
920	186504	262143	167839	26729	158339
921	69209	591350	232933	366845	211316
922	592500	51293	76637	126660	614043
923	135790	173134	110105	41904	243088
924	207757	494276	429233	69209	333141
925	146778	365373	438282	23001	261809
926	336863	601267	221824	241086	436980
927	239986	61764	130718	49823	139303
928	126302	112268	607092	319469	292335
929	398991	546154	545577	244762	398992
931	171094	224489	208753	250076	500850
932	311077	485803	485120	453167	129456
933	286225	498612	206800	498588	247533
934	25234	214920	374743	43061	107131
935	240460	240526	240470	240530	69553
936	335243	214857	330590	377473	
937	65724	227736	476682	271718	412563
938	124514	12191	555778	80804	433193
939	25560	292936	605162	207226	435149
940	430465	466297	481708	309954	550999
942	545307	595090	11624	543979	525435
943	257524	459265	592525	208753	250076
944	279146	349744	296895	167665	204693
945	553516	159319	461660	352975	513477
946	592500	708485	582683	260271	125521
947	466807	483956	37723	176173	368304
948	426417	202521	262916	145393	544633
949	219876	503990	293728	202987	239987
950	255563	378063	292685	269475	142021
951	75874	605186	602866	606903	75873
952	441691	461341	56066	323107	294025
953	199975	263387	524984	193292	147988
954	362947	503398	351924	210307	489333
955	418252	70979	12079	466807	539948
956	428608	391445	61912	593037	518891
957	599151	61175	375903	235582	385920
958	166174	339051	339052	295293	156127
959	261924	183779	409677	417421	164091
960	103446	39915	142208	21396	40660
961	267939	70979	277201	47943	125293
962	351166	170465	541858	80122	544633
963	453893	46228	172358	333323	495596
964	74055	433091	360333	550999	213466
965	545307	320674	322638	65654	340574
966	213855	6703	43529	205248	391380
967	531495	319267	472753	131251	376013
968	236854	84950	127104	266559	127106
970	49459	244670	222389	177738	333038
972	214081	240393	592161	242730	707611
973	213446	264290	213445	217966	31036
975	29984	466243	341731	341732	497165
976	348551	418166	125457	602509	340189
977	241210	322607	32760	40462	256969
978	334682	399379	338931	373983	584177
979	319385	120472	409678	621564	16013
980	287648	287655	287651	287647	287650
981	601267	78402	391536	591819	198693
982	113197	458269	287177	264410	276858
983	147201	167835	185128	545569	79085
984	66891	248299	555934	345126	28348
985	160869	67314	16428	14926	65018
986	148080	299448	66033	461787	72257
987	7249	243352	602828	602741	243349
988	160659	158360	420601	44653	419611
990	593365	596051	203314	596012	593364
991	634360	211232	58311	410957	593881
992	386162	327424	220471	14807	250387
993	314590	179970	263819	245995	56541
994	318170	250750	309830	482141	318216
995	380203	91959	417503	311647	501234
996	546835	257174	546820	55547	97429
997	130342	134415	130168	710203	386733
998	612172	136971	612116	37146	18028
999	386696	221969	131967	131964	226898
1000	76352	69059	238331	441569	148551
1001	62310	399907	75630	8882	593813
1002	67817	3124	235767	47956	445277
1003	206490	56156	149485	420017	22283
1004	34560	191091	214081	209204	72018
1005	477421	400277	601101	487669	605467
1006	453453	72412	286970	39973	12695
1008	76410	171517	314547	56452	99494
1009	230941	17533	368986	368988	585515
1010	17439	489333	45890	202987	382495
1011	217735	228912	358163	104806	358160
1012	305885	33369	250467	429289	62403
1013	419719	444043	321637	710063	297786
1015	330957	203836	70812	185402	177107
1017	674380	164544	189238	500091	383845
1018	396057	556343	605633	396053	230586
1019	430182	603135	544572	603137	457392
1020	30716	355612	246882	364893	617629
1021	276848	84313	84310	370151	556512
1022	321771	97362	177296	339802	73220
1023	52654	327966	371057	455469	504498
1024	425050	602059	166992	61928	461977
1025	450759	371921	371920	254061	602075
1026	243341	19670	8535	24473	37501
1027	591054	207583	205019	621827	330197
1028	125241	303652	216509	151901	245310
1029	540935	179248	214081	263387	374628
1031	142927	70385	85881	627439	242511
1032	208753	475628	553957	150237	625560
1033	27886	19568	183738	20308	389595
1034	45929	73622	511261	244757	511260
1035	596426	104663	444411	180928	525282
1036	340878	145378	174687	293500	262646
1037	386156	73591	426104	352195	636973
1038	51059	485112	368304	103787	220671
1039	182388	24813	329395	449735	617052
1040	218552	228202	198381	538977	604455
1041	10761	296645	166925	479092	548496
1043	36138	399578	399577	162571	94465
1044	530368	393193	133492	393194	377404
1046	221293	212463	494573	494574	494575
1047	439936	171348	139691	662722	80556
1048	378790	5520	192821	236186	675861
1049	90779	161273	125457	265048	636773
1050	253433	122954	253435	384177	2205
1051	562501	114682	120433	268069	115050
1052	564012	602231	373455	135630	564013
1053	626275	8135	17215	227219	354410
1054	473499	301566	68756	458608	122362
1055	293246	143056	102534	102531	109069
1056	435284	35445	498213	202366	424851
1057	38377	20432	181901	562428	482828
1058	443023	28381	176188	606710	637514
1059	77430	94640	546643	77583	433371
1060	417543	601559	55263	391536	158616
1061	157496	430254	612256	12191	466210
1062	172493	396974	15767	71360	68756
1063	495477	595309	125763	33957	90850
1064	343424	272058	506478	515487	592704
1065	29071	177811	442634	102977	197326
1067	69183	428245	321637	625797	141558
1068	315101	315103	315628	315629	425707
1069	104946	64617	340126	258343	36527
1071	56989	497505	205677	497508	161916
1072	67285	80377	9108	80770	237154
1073	17137	197437	543625	322795	360226
1074	285544	399379	461461	254671	448036
1075	68522	211438	484223	185404	174806
1076	75147	613375	226819	552952	328705
1077	141686	192110	108585	86376	141673
1078	272058	626289	624757	332913	300678
1079	233392	525	336855	590395	233429
1080	210626	210613	320609	210615	317214
1081	516198	134589	327772	120255	61175
1082	79058	17145	125683	257906	38346
1083	445352	347026	600043	8128	392870
1084	26192	34671	525709	34672	
1085	403054	209067	419718	419719	169119
1086	60387	176853	526171	201460	525370
1087	58157	115293	430034	24700	417617
1088	57435	299576	173866	526411	129430
1089	210626	535210	210621	78983	427938
1090	373455	525750	171912	213416	558510
1091	430261	352975	121757	543815	24222
1092	4654	196168	604910	21109	202170
1093	190519	320280	320275	624454	190517
1094	25436	599631	41051	100347	546341
1095	179970	212232	212233	58305	54297
1096	603157	124814	397549	397550	197335
1097	41033	457627	166053	75607	494715
1098	290379	633415	260952	260271	25234
1099	414840	94373	173992	208311	62534
1100	180307	164769	599440	73004	501491
1101	191106	113724	242149	431937	170858
1102	376606	211881	278049	61315	703683
1103	44732	84355	7459	41084	5843
1104	37403	191570	189581	522903	283327
1105	180307	383869	148305	175188	49176
1106	135498	229127	153799	544337	298642
1107	241899	450538	229128	157066	472229
1108	244385	544836	71850	336953	709182
1109	233772	556105	134088	518756	233771
1110	13100	226974	373983	246785	41463
1111	461341	202381	190548	20163	625797
1112	584759	492712	459179	185393	21984
1113	170924	119056	420285	622108	26687
1114	511043	27320	534520	600043	408951
1115	5289	139582	170102	506823	208088
1116	343424	556147	503339	304558	285672
1117	167653	91270	543771	336580	557182
1119	41804	275716	353556	41803	209193
1120	295541	386162	246785	280086	617984
1121	421241	134589	247475	234277	20467
1122	333836	639	144999	145000	545810
1123	441050	229984	489333	229974	229652
1124	142230	461429	544679	2751	611522
1125	154398	593949	224570	224569	130855
1126	102163	44732	254503	537487	105359
1127	251692	151372	20259	136905	608343
1129	244067	255536	212643	370975	380737
1130	494508	64412	95613	75320	42079
1131	585303	139798	443779		
1132	111793	199015	160330	90384	26909
1133	30158	280624	543717	173485	42396
1134	24541	5676	51622	11010	426111
1135	174016	367817	383166	175894	375255
1136	27688	76536	103836	89275	351510
1138	25630	31230	128551	128552	128549
1139	13851	11779	245725	246673	13852
1140	586542	57214	449152	507533	305476
1141	18048	177361	105051	397527	335879
1142	457375	457376	457374	249091	249090
1143	602699	179941	22299	602612	540177
1144	552388	636619	406654	130253	10284
1145	549261	688684	191742	688682	191739
1146	25973	81328	99377	391053	309806
1147	501557	210755	496693	501560	304362
1148	106591	442700	69517	504557	34807
1149	617070	617067	617068	617069	
1150	159545	709156	217982	392304	307635
1153	30737	486351	200081	389365	270194
1154	375821	629138	53663	10410	595043
1155	385826	188586	174176	594214	205164
1156	47912	535980	386816	55838	291936
1157	80756	79034	80755	80758	71966
1158	73518				
1159	523215	470602	523211	514388	603802
1160	221922	219427	289791	161814	161813
1161	246672	511735	499310	608367	62210
1162	77798	313518	35733	444250	16645
1163	67722	75913	305070	75910	67386
1164	267782	334686	310093	70412	194365
1165	607903	551108	156107	340923	250190
1166	145779	389696	415865	150248	181510
1167	37805	269934	160767	525057	17883
1168	61396	62496	106561	614579	275342
1169	170601	245561	79195	313738	46396
1170	179444	25707	35218	88417	449456
1171	30433	96185	59311	367745	671
1172	180394	86068	309542	180397	86067
1174	55713	423720	307095	465185	462933
1175	283039	121047	121048	387538	121049
1176	144702	391740	708138	548854	589770
1177	488074	43443	98549	8834	363588
1179	173146	248793	290824	210588	58566
1180	52386	399663	99169	223115	400882
1181	178443	178523	199314	528989	537687
1182	77916	361008	369061	32197	73707
1183	33464	429424	705682	493471	426447
1184	63652	208874	76651	91260	23562
1186	296640	160747	188630	339537	111020
1187	210485	2921	328116	473245	76425
1188	449767	525603	181463	72084	362579
1190	354310	88536	396492	60137	501008
1191	137424	75813	299354	5897	12280
1192	556041	152308	438720	634004	440807
1193	9571	299909	223892	9572	8319
1194	61396	628435	315322	19881	265371
1195	436106	64130	244649	282183	527566
1196	465935				
1197	485376	616472	621381	299843	618081
1198	47269	368198			
1199	234355	234363	479135	623859	75339
1200	159405	463963			
1201	460004	200726	144538	84739	150103
1202	29193	87340	25051	87339	546348
1203	540366	272017	353500	388873	614119
1204	226949	136953	156027	34399	262275
1205	592876	184330	62394	36478	56950
1206	625256	184597	435462	180279	111425
1207	389336	166806	217006	6366	441468
1208	105051	235402	372874	544956	235397
1209	139202	594624	107435	166962	24909
1210	50876	50714	150766	343176	509090
1211	68795	454929	594805	232174	353722
1212	456212	77596	357016	169594	317329
1213	267438	606292	267439	267437	267436
1214	481673	359000	15977	482048	482375
1215	706598	293929	383159	213604	383158
1216	546303	419797	584411	197833	419915
1217	224061	126334	224062	9890	522563
1218	52412	52394	52386	52397	59208
1219	208274	64634	442808	68133	188725
1220	40458	18278	163319	441633	535988
1221	387026	391377	322061	322062	392997
1222	399097	537998	622753	359951	359953
1223	623105				
1224	267740	343770	376922	46727	588401
1226	406996	6733	460968	334892	297492
1227	70874	70887	188772	70881	19396
1228	406396	159439	48656	224678	224674
1230	98894	194142	467182	76506	341656
1231	228136	30678	39952	429771	512155
1232	628306	33559	18468	348917	309629
1233	37354	186402	79196	178024	186400
1234	353806	343760	600126	58292	125200
1236	605365	360839	289635	53653	145673
1237	606783	43804	597866	208697	594251
1238	57982	290435	242326	78178	242324
1239	119284	166138	494707	112225	532270
1240	84747	478710	478711	397335	312327
1241	92158	357047	64900	92160	357045
1242	137765	137767	7930	137763	137761
1243	322835	351890	23395	358890	155385
1245	38515	172134	419602	19109	449143
1246	43658	43457	351154	334686	158984
1247	96037	137123	327021	180829	180831
1248	275280	14429	163027	241736	173184
1249	509563	436837	7251	79656	195900
1250	607629	287724	5111	70107	15147
1251	229558	297132	211597	275384	362806
1252	97845	132127	305525	235408	75350
1253	585304	316901	421963	120926	682710
1254	372874	372873	256076	256075	195250
1255	172650	168080	390545	590821	36856
1256	589056	360039	629777	555125	540366
1258	598737	521125	594309	585072	585089
1259	478451	473401	505993	163494	629721
1260	152482	178746	247806	450459	596578
1261	319945	357254	399580	94096	129100
1262	15909	58728	103747	626244	43672
1263	344215	289300	348790	633162	289296
1264	178251	23391	375240	23390	54616
1265	27688	178146	210993	153032	154995
1266	32510	440440	463717	545426	688733
1267	25106	57168	57391	477091	56847
1268	440807	598191	56395	303559	43727
1269	593972	424858	404798	407380	525047
1270	438595	251175	594251	186115	232776
1272	523454	58096	271710	178768	93797
1273	116335	42917	453106	365141	94940
1274	615708	178225	167394	300158	205
1277	612977	612978			
1278	399666	144059	193407	221402	261763
1279	363735	226910	261238	397367	335306
1280	502536	705757	311279	477769	433796
1281	174199	10628	711029	370929	375200
1282	13851	513391	367514	66827	341082
1283	546495	516032	422241	645413	516033
1284	340365	532322	405641	487376	414362
1285	18037	595765	249669	106561	531319
1286	583793	163455	583792	439264	583789
1287	127653	369755	42971	148034	233429
1288	339855				
1289	193873	690236	193867	90425	193871
1290	53850	235840	431333	45610	208819
1291	94209	72289	223859	345967	498347
1292	507206	282273	522551	2406	329933
1293	276029	26990			
1294	193232	210672	212512	315941	222050
1295	539686	301113	354652	71204	71205
1296	297249	372859	484635	304283	498589
1297	27156	210484	289620	289622	289619
1298	64701	8240	38420	426847	361440
1299	322	326094	156596	202114	605365
1300	8240	427809	354491	3285	270013
1301	406487				
1302	26682	411948	473234	614579	525057
1303	286264	116618	165072	425490	36508
1304	305142	546173	258072	167915	208438
1305	239714	425330	239713	39977	265415
1306	383131	72400	272783	97773	383133
1307	158118	226197	602199	207329	188975
1308	133419	295744	160830	402957	257998
1310	51757	269864	324902	598659	480769
1311	340601	419151	616068	340602	11896
1312	196848	9657	54652	247942	300094
1313	203710	203711	28319	203709	
1314	525045	201045	157112	354857	525047
1315	328940	476210	163443	461359	209146
1316	128049	326170	621597	267314	290351
1317	319043	284271	485704	456342	241620
1318	19636	41707	89578	319334	592642
1320	210484	413235	37090	331183	470710
1321	623572	288639	188524	13184	205771
1322	249553	69519	249554	383713	633534
1323	150571	504375	257707	17317	504374
1324	239551	382862	79488	79489	79434
1325	84308	423938	531259	608450	19144
1326	369967	617807	346312	22061	270005
1327	616185	710990	363542	111020	708784
1328	125387	52901	705144	193295	356573
1329	243869	391045	84746	475523	32280
1330	209445	209653	209324	509220	551435
1331	554599	39520	585272	469089	137570
1332	147074	505113	249835	153868	544725
1333	60431	11010	413397	68634	202169
1334	212346	56643	75266	52998	285386
1335	598697	264269	99835	143351	615412
1336	460819	636937	602173	68729	257274
1337	137365	472302	236654	175524	472294
1338	46656	897	297376	220172	381710
1339	374297	333139	509652	541527	627136
1340	179568	268754	443851	486986	333156
1341	479178	12585	94100	115669	449852
1342	197139	232488	440613	395663	705329
1343	131697	131696	131695	3445	16406
1344	171600	300203	30030	475468	271027
1345	474949	147855	428471	297272	
1346	525396	28943	195986	43726	43727
1347	543878	543876	543877	385925	709626
1348	459341	421875	171150	179722	321724
1349	552384	410740	11284	149452	298519
1350	290193	68	452846	707906	528495
1351	407918	237756	31681	32892	44441
1352	137127	305718	305719	186760	343631
1353	629521	138225	150229	138226	612797
1354	264635	608067	457041	297011	378293
1355	272041	383359	67602	549273	627671
1356	13369	108476	615688	13917	175760
1357	206983	25315	380305	203775	149648
1358	147074	358	20178	133419	415348
1359	213304	56758	294569	99711	6672
1360	539254	595628	36595	84987	331079
1361	34168	176430	16564	355838	84862
1362	204158	305939	204150	305943	235016
1363	321486	111098	166798	354789	381678
1364	234312	475533	226619	415299	436839
1365	275280	240005	323512	581343	275281
1366	98586	436619	106721	182533	9317
1367	262294	51053	103506	390647	249440
1369	433735	451557	162674	451807	193523
1370	632531	502514	12300	632530	502518
1371	244347	299427	244346	33490	214650
1373	414953	414941	414952	414943	412393
1374	164212	269212	237511	223892	160800
1375	120911	386625	34829	327506	223115
1376	345449	5239	345447	158598	288766
1377	166802	261999	167171	49843	167682
1378	360072	360075	627519	356300	627520
1379	398281	261581	479301	46243	360070
1380	338676	242622	93797	310231	354555
1382	440440	11522	287186	598817	1054
1383	74607	705554	362834	161562	78920
1384	296868	150771	145494	150768	200856
1385	395258	19265	34752	168462	592893
1386	33693	627086	383716	76610	10820
1388	166950				
1389	193998	76799	391411	391329	420564
1390	398107	26190	411161	157557	272167
1391	344211	25021	5813	24644	199158
1392	99658	78065	99657	113124	99519
1393	80283	21557	112748	192783	99654
1395	365745	122232	493421	246878	376565
1396	619502	106164	460004	67602	131697
1397	129977	178356	462145	105386	170353
1398	523215	256177	124748	200839	348962
1399	133731	67968	78897	78898	150199
1400	375254	375255	375259	84619	607072
1401	463429	62170	614970		
1402	591378	35217	192482	327316	541330
1403	208335	17785	428283	327469	607318
1404	222509	38916	409050	410258	381264
1406	352752	440304	244516	37041	300508
1407	621567	45395	243944	359626	320410
1408	245711	398511	415574	347354	245714
1409	26360	118946	159918	155728	234635
1410	167693				
1411	319053	320324	450751	279654	261500
1412	548116	290971	549358	63000	524871
1413	155894	201344	155915	164921	158664
1414	339214	40458	485650	32417	466949
1415	413921	233265	282521	77596	357016
1416	532221	375233	626311	585304	254401
1417	99094	399097	537998	622753	359951
1418	118946	288335	485863	546303	247116
1419	66493	201683	66494	592405	
1420	18037	340034	342996	390674	306757
1421	290971	300969	53498	77963	321724
1422	498268	592716	617807	453768	488401
1423	27688	460939	544725	80386	228487
1424	85193	472253	230532	539437	247030
1425	136961	325145	437838	241398	448116
1426	210641	170442	218902	218907	179916
1427	224061	583539	313607	362608	199170
1428	161324	529552	491982	613538	21284
1429	389101	431607	371991	73132	372822
1431	106645	211865	289721	465767	98623
1432	175170	104172	175093	84795	70830
1433	161596	516045	59495	588277	646002
1434	163786	6415	160606	23019	261074
1435	47389	178037	456007	204895	316475
1436	272164	353660	263503	557179	263182
1437	386429	407095	425953	505918	425954
1438	453888	452847	708133	3657	251874
1440	441919	518834	54237	183906	312792
1441	215426	611515	132743	494491	285328
1442	550597	41616	302617	41617	603384
1443	226542	77755	80935	196439	478910
1444	150855	626531	628435	43867	167656
1445	140793	402598	323281	613659	143791
1446	582733	81912	146311	423990	433306
1447	150557	508770	597429	168826	325573
1448	341530	336930	261501	539132	94236
1449	268425	144033	103803	166828	103802
1450	607903	189973	437041	24840	607905
1452	441420	205423	384703	208032	360291
1453	227617				
1454	188640	611973	236175	611036	320078
1455	178935	228527	273473	297986	70828
1456	121965	604706	207606	385993	398366
1457	88120	413950	64447	540307	104238
1458	522375	158682	595539	434511	441338
1459	234445	566237	216087	227470	267745
1460	212303	55870	214263	139013	343260
1461	624673	624675	624674	624676	59741
1462	364331				
1463	423938	54156	160737	252236	528462
1464	39465	97570	417294	201573	15496
1465	56917	183382	60861	66518	510666
1467	480546	502956	502957	437550	452974
1468	35373	101409	508491	355258	413436
1469	32374	181009	463595	181010	53184
1470	60851	104843	10510	477687	525441
1471	131802	453888	205771	127215	198349
1472	588650	406520	393310	619328	448975
1474	59453	339296	482688	283605	389366
1475	242008	242012	242011	242009	
1476	368114	18505	441293	432073	274356
1477	437509	51759	586381	269833	586382
1478	62241	458297	308488	308497	308489
1480	211252	262959	207763	150722	137633
1481	333707	326530	546347	326526	215271
1482	501388	372904	616727	78526	581263
1483	56490				
1484	293612	588115	331928	331929	233650
1485	416913	534875	430726	478054	138367
1486	50066	623088	456743	177939	280034
1487	338395	258125	131659	271506	256989
1488	159320	618923	449460	618924	70190
1489	545140	124382	155305	222218	597234
1490	364241	551836	456764	271830	632408
1491	407988	374311	254488	254489	407987
1492	546423	554062	144098	501008	26366
1493	72916	525085	4288	134212	
1494	597376	2726	125063	106649	361172
1495	209483	130196	167553	83673	64530
1496	413585	413577	411281	35665	378719
1497	189858	275025	219377	608424	309147
1498	14692	208693	546426	555641	583964
1499	469560	72692	227173	319232	48757
1500	143082	143083	330088	546441	103533
1501	627667	81036	76850	241511	76860
1502	19357	142040	166757	166877	335879
1503	359780	359779	499566	29127	406753
1504	60033	11895	375597	423175	11896
1505	252800	179447	252799	23524	16798
1506	226509	125178	275122	125179	196064
1507	378228	463061	546056	60348	405007
1508	135087	135089	305545	135084	495621
1509	262466	81085	153706	412608	292822
1510	359749	206242	215159		
1511	510184	534754	172125	541803	21536
1512	232333	210708	107511	109105	112585
1513	104555	164305	481680	645904	15496
1514	93797	77060	187945	371936	542906
1515	251175	252294	264648	213669	33126
1516	149104	216737	166880	167565	167173
1517	483681	105751	499566	582580	166944
1518	208303	178505	199283	176394	297925
1519	59707	332070	434316	299951	64746
1520	178251	167226	166633	6716	190145
1521	107511	225685	292732	382476	386097
1522	369801	223116	252801	197294	197291
1524	165323	191491	255066	165221	165229
1525	71996	441263	402371	222234	460968
1526	143153	170263	373553	60931	323263
1527	330283	289015	330282	45943	46907
1528	469783	22955	449765	13902	150103
1529	490046	544852	113423	220868	10420
1530	192599	321365	321366	321367	321368
1531	368463	52826	49564	234976	78387
1533	251837	23681	19484	251836	419591
1534	300704	58390	362548	137599	336944
1535	485863	428681	437068	297543	589097
1536	208666	208759	208758	208678	208667
1537	526943	444500	429506	80736	331077
1538	58728	433585	77986	404302	636107
1539	134951	142200	546524	68098	193406
1540	108324	202453	202455	582599	62560
1541	441284	81917	617061	391057	602062
1542	175355	175356	175354	170259	175357
1543	208493	208492	208490	68417	
1544	590635				
1545	127681	29791	219511	236407	66305
1546	215163	410649	55719	242446	130182
1547	386954	426125	113430	272909	542282
1548	159545	160738	474596	262407	7436
1549	432943	395946	395945	376240	395939
1550	172288	593972	234108	550711	152921
1551	449326	532102	112661	486563	486562
1552	174041	473613	535160	556424	436326
1553	141081	58537	604833	454178	471701
1554	89173	412794	200995	72374	346208
1555	282534	308111	78120	427758	155860
1556	108324	710145	380464	237877	47101
1558	561030	95647	292938	583123	170638
1559	94100	634784	57834	121073	94096
1560	120911	134797	213894	450493	70296
1561	443308	175542	163667	162712	133172
1562	422004	43444	106949	215854	7252
1563	324609	405498	43443	487368	318214
1564	444868	592454	589097	368919	368917
1565	323991	334686	614669	148323	176025
1566	492219	595904	463671	504789	296755
1567	444619	188080	427551	107594	444617
1569	627970	627969	705084	641563	641562
1570	476755	100899	493503	74845	177390
1571	35296	207997	608928	393510	451531
1572	385910	287194	388957	206542	550736
1574	154912	200352	99256	308592	320627
1575	411292	330067	330068	599897	347687
1576	330588	445239	442372	363537	546342
1577	316223	148095	148094	66372	185225
1578	400565	478345	477825	255568	19825
1579	26682	546536	91512	193087	376994
1580	552428	191005	634767	56199	375285
1581					
1583	77990	229546	214588	442378	29109
1584	151976	303652	584286	8128	269612
1586	69713	69712	363545	267383	48479
1587	79780	84832	58098	60853	269319
1588	376288	81036	16907	200081	2626
1589	14426	228858	604176	342923	248951
1591	370543	390594	252229	307018	390592
1592	188150	316973	464935	185153	200423
1593	266198	311534	211824	369869	303786
1594	595500	429786			
1595	70300	450493	210389	372081	375959
1596	274519	491079	624299	248337	95452
1597	45279	45278	45276	12357	8218
1598	162213	475333	94019	507428	528777
1599	391801	372918	90540	129218	391912
1600	319053	232477	66986	202455	202453
1601	357254	265347	130161	148526	34217
1602	189516	71907	189518	71906	189512
1603	152593	123641	152595	226375	220094
1604	178505	47100	296241	118559	65014
1605	162712	189085	49472	287812	436076
1606	346487	325897	464770	84987	172067
1607	33693	392304	489124	10820	57447
1608	630947	430728	126996	299280	455308
1609	193335	330344	168462	168416	90253
1610	487771	307784	260576	181008	271404
1611	94019	298966	382364	523599	453832
1612	532191	416168	388383	105096	364800
1613	51474	167767	186028	477687	478054
1614	293378	259374	107956	450486	506824
1615	397602	550284	478783	190854	190852
1617	599946	302203	170650	710668	710669
1618	75036	58526	210572	441542	401244
1619	43656	218913	180341	206544	70448
1620	220599	635105	215719	635106	262010
1621	333162	402211	375711	156816	391333
1623	272041	313473	7631	456255	7622
1624	143251	15207	548640	587068	18630
1625	540353	323064	166193	172547	
1626	108324	587374	461448	260394	589666
1627	222178	587148	74421	270594	347425
1628	6733	71315	186474	321226	231531
1630	54149	255543	389957	202513	387916
1631	286923	46085	6552	6564	
1632	24526	149371	259980	149373	259979
1633	225872	396188	299893	491875	347708
1634	226041	72306	249075	317834	320504
1635	141690	141681	141669	141679	141685
1636	395940	395945	26191	707252	395946
1637	380341	585065	591733	285610	406556
1638	16093	160373	179971	83867	160370
1639	545230	397472	39520	132745	646280
1640	240222	162092	240221	294384	180040
1641	703444	265405	265406	214306	363573
1642	214134	488408	429593	114850	435271
1643	26210	410071	410072	332826	332825
1644	54169	144272	191350	202508	372538
1645	592876	302418	486786	533495	532466
1646	380341	226327	257484	54129	18278
1647	312823	143809	5242	189021	412072
1649	2364	273702	56194	206496	109606
1650	304282	9217	4848	9216	324042
1651	30991	348004	386672	204763	235213
1652	365535	171566	92901	81017	104500
1653	195566	201651	304283	31942	583899
1655	79867	267611	399148	461072	200151
1657	595066	601906	378525	114495	629082
1658	24960	533614	95895	35049	389100
1659	130133	130137	471934	130139	20078
1660	477801	404798	462345	184501	216867
1661	460939	396083	505113	595308	424118
1662	104840	109659	167494	104841	167001
1664	26610	425281	210666	448964	211917
1665	48144	450952	178431	49425	450953
1666	447949	327630	345458	34174	600039
1667	504375	77916	504374	465935	195062
1668	172733	10284	489908	592419	406804
1669	58556	97184	244839	97189	223247
1670	213499	334492	145494	103854	178891
1671	711109	534530	165307	71319	350494
1672	185099				
1673	166802	165253	501292	71685	501291
1674	98586	436571	5897	11010	59362
1675	467182	590083	591462	457918	299739
1676	635905	14426	160606	707898	393090
1677	621567	390545	231535	203853	258510
1678	345313	353702	48405	160747	325005
1679	277643	277652	247555	277650	584808
1680	332499	102492	498592	332501	421941
1681	147207	710050	158183	181675	303792
1682	215767	615144	60465	29923	266079
1683	133501	423146	49615	164710	440612
1684	440859	12721	68417	541324	6746
1686	94873	95019	255186	4458	10825
1687	443168	270472	270476	270475	270474
1688	21960	167874	378948	181580	105142
1689	369214	17872	215966	449384	426570
1690	99946	557627	114257	255670	360344
1692	342082	239247	342081	46656	150507
1693	61089	585771	585676	253316	472144
1694	8377	204408	281977	263762	277683
1695	340556	216730	376619	368135	268613
1696	240086	240088	240084		
1697	258838	240087	240083	378964	546422
1698	188852	99281	436286	592401	53585
1699	188348	429289	170479	33017	194231
1700	245498	32858	445565	179640	336915
1701	52990	33328	178684	156527	439434
1702	299894	330498	152954	497992	11933
1703	457692	585277	439300	58185	76129
1704	78781	587380	206311	106703	423898
1705	268725	48413	22954	222029	304931
1706	145810	145813	293813	17467	145811
1707	317467	188852	206806	317460	317463
1708	279678	380514	279675	246759	279682
1709	272979	176623	221316	198236	297231
1711	59663	369957	59662	73533	533173
1712	337603	101252	79236	216529	26456
1714	47625	362996	71734	58304	47626
1715	588005	588033	324367	588007	69416
1716	119793	326623	544412	89754	26980
1717	107925	163114	406095	216124	216122
1718	129511	245031	103010	81368	114213
1719	245797	207958	245796	449510	616960
1720	438657				
1721	46094	277379	3324	100218	81166
1722	273245	212005	365758	53515	223092
1724	373328	178986	131189	435042	26926
1725	430425	26872	165423	600519	26873
1726	491252	101384	282009	407401	407397
1727	392529	589122	271078	392530	197842
1728	317467	111914	206806	350453	317460
1729	186847	283083	126068	18908	398321
1730	19055	229948	229949	464487	57645
1731	82955	32650	239424	82954	82953
1732	537551	100856	28951	77498	537553
1733	293737	70900			
1734	612764	119989	612757	612761	42194
1736	212182	393639	456960	146001	436786
1737	106931	110729	110730	106930	106913
1738	154985	78185	106927	106933	399731
1739	411717	8155	612822	616964	408031
1740	380719	217738	622571	197617	217737
1741	104689	626206	626207	48890	48891
1742	13405	217280	612726	155323	368916
1743	246674	246675	115032	25946	208517
1744	457692	634682	443207	457691	172436
1745	585671	169216	490540	447121	584953
1746	36338	544142	186134	220728	73520
1747	261694	625057	168453	206180	356843
1748	268268	167529	168392	95389	359235
1749	13297	365613	40736	142722	213172
1750	77407	178326	393888	379095	85505
1751	65337	605460	113016	410602	410603
1752	404805	404806	75798	321666	74234
1754	424749	229617	366013	53015	199298
1755	306435	312095	7508	606855	624350
1756	481777	144935	47658	331785	2879
1757	290820	173566	167435	34255	70403
1758	191032	191031	191045	191044	191020
1759	106186	265223	106185	119100	595009
1761	227065	353689	186049	55807	186811
1762	662648	33466	67142	172834	283311
1763	701208	701177	700683	700498	701239
1764	255600	231051	261739	386632	30824
1765	183270	386568	386569	222213	263545
1766	47279	369183	4184	57968	147026
1767	44817	86338			
1768	272099	364602			
1769	358043	189158	255907	189159	420057
1770	231472	231471	165169	165172	439688
1771	98246	212454	141194	53283	98276
1772	301274	136309	301275	388585	
1773	27035	360243	266977	270885	179640
1774	13245	180356	629271	167938	7487
1775	155489	192634	275462	229862	43375
1776	65237	196906	65236	212452	140523
1777	325793	206322	443780	458527	543609
1778	466029	30967	137961	22058	271347
1779	140421	147222	545548	106729	168766
1780	18180	603274	76911	461330	531708
1781	198570	165308	149993	26513	
1782	105197	126304	169001	53903	42377
1783	157988	529165	221687	536825	91585
1784	658867	658507	85022	101346	275745
1785	18180	225960	414718	537633	47376
1786	10247	551624	325417	551620	287709
1788	80202	316815	182780	235739	414519
1789	323421	142898	108328	323429	623326
1790	217280	235570	450667	217281	256286
1791	244695	139399	268686	8689	349313
1792	186312	595743	545052	43097	372471
1793	448683	205676	262250	202514	158935
1794	139456	585537	596855	179120	182711
1795	35003	63076	2114	600360	427730
1796	170639	167906	30738	211064	31748
1797	152283	115273	196017	109448	428520
1798	44831	155851	331746	240658	8718
1799	191021	193347	391662	319349	455613
1800	43172	178359	359364	179053	178358
1801	56330	361245	228977	179370	223899
1802	219529	204985	204986	2532	505722
1803	233428	271011	271012	386339	386340
1805	532312	532311	140525		
1806	245011	160382	542604	706838	645583
1807	261182	536088	245053	145821	399731
1808	177010	119761	24493	96364	16279
1809	455388	261182	373458	190920	443808
1810	381681	165870	241251	287048	381680
1811	296728	41308	238497	271084	177703
1812	107816	225655	120589	356309	61450
1813	78654	411638	379726	411634	398564
1814	178990	380852	178795	392974	29470
1815	347372	459746	347373	448802	73968
1816	388925	155525	72665	260488	311076
1817	177457	197976	58136	177462	71558
1819	160225	401675	238619	368971	259237
1820	210786	504301	143142	204664	55035
1821	323096	97234	533212	53915	330888
1822	193372	104329	453041	244767	42939
1823	304931	127155	301220	263168	301221
1824	458569	396668	130482	230952	73547
1825	314956	173932	253839	314913	314914
1826	187996	404514	16989	390607	390608
1827	594000	29125	6742	105205	447849
1828	82499	168453	197567	365164	167663
1829	557181	261420	543773	543774	261421
1830	351917	585341	37372	341683	39648
1831	219856	330173	703349	527818	149957
1832	597721	334696	608950	168608	60757
1833	219401	271034	247812	268269	219360
1834	233175	325800	167237	30823	
1835	589362	354969	147679	494556	152694
1836	166753	353689	467404	52308	511775
1837	605342	160333	178402	156046	30007
1838	526366	56369	636354	378311	13566
1839	15937	286682	114933	151569	485024
1840	97065	404638	396638	251486	477746
1841	244695	193372	104329	338239	47690
1842	489905	178534	178377	404442	175930
1843	96248	529220	30510	498261	498263
1844	25756				
1845	3323	233735	277379	601471	317318
1846	199561	218735	597587	351814	300929
1847	75907	271923	30128	260239	260238
1848	73041	139574	180369	584809	180370
1849	59404	178403	178353	194803	154113
1850	364338	107704	179238	149618	173175
1851	202099	331801	202105	390668	202107
1852	247009	55759	359040	322572	172658
1853	259640	289231	431929	259637	604132
1854	261710	33111	261709	77327	19725
1855	619019	446257	491616	368490	114359
1857	140041	330255	81314	251506	273247
1858	254005	77407	592897	195168	178742
1859	21849	95398	529161	277373	132066
1860	234871	482786	178403	473473	585671
1861	58714	197617	58711	374846	374845
1862	348720	218070	360966	345805	253379
1863	27837	178743	242499	175168	328669
1864	414058	321758	200437	253978	224708
1865	184402	270073	394103	480643	247688
1866	546537	93643	64708	64710	171457
1867	70876	70915	50083	12432	380781
1868	398460	37310	203715	243689	592457
1869	135016	178767	140518	99144	170934
1870	340642	526383	224153	380253	363224
1871	21960	361245	52143	264024	311207
1872	245011	190004	245053	645583	168127
1873	242499	234103	255026	217207	50983
1874	111250	223675	95025	486359	252303
1875	104689	359381	104694	391525	39092
1876	115092	333095	59996	145222	75044
1877	20009	588250	104088	340247	70359
1878	146884	20993	496486	214131	55796
1879	305821	196886	322844	322845	305823
1880	344121	226513	61463	84470	140273
1881	343593	459573	59404	80202	343591
1882	78610	213672	213674	166829	616959
1883	343321	344963	553152	305801	305799
1884	482963	359331	237573	285396	297070
1885	706674	323236	324529	372669	107332
1886	310974	2506	144393	307750	79486
1887	590510	255186	127126	210098	428586
1888	191479	215522	244589	487686	261649
1889	604553	47098	196974	149346	378030
1890	487686	332859	487687	9731	345921
1891	327106	274003	71505	327107	274004
1892	314406	483238	160513	160512	483237
1893	934	78316	181663	294570	562
1894	489112	62904	48783	75335	148127
1895	39181	146971	628001	391633	55379
1896	323429	365203	556390	452721	359268
1897	57067	71180			
1898	492785	134482	174246	7774	288931
1899	442170	443168	545962	614250	507350
1900	188846	637560	641061	5819	99150
1901	359331	348030	462930	452293	168650
1902	16809	629608	238703	475009	502396
1903	53736	178939	69267	421025	167697
1904	544429	366140	197276	384580	493636
1905	60773	465964	345678	355284	243176
1907	77417	199318	76796	199317	174473
1908	13564	10068	118059	118060	8395
1909	178278	463393	47690	95347	584953
1910	314508	166586	79970	434039	378333
1911	333319	178350	175743	436902	146963
1912	5422	75862	240388	240389	248837
1913	19193	43453	323603	297321	440515
1915	374726	304961	381959	156744	62134
1916	494737	604517	221895	461582	155851
1917	35003	109677	71034	71032	243963
1919	332651	139038	193391	332652	264599
1921	523550	249482	332115	624701	219438
1922	502530	233747	185765	185764	92865
1923	190562	309373	145091	167509	190030
1926	31258	109374	70569	618898	484690
1927	76431	35872	460398	397353	348187
1928	145196	377578	243961	156500	243962
1929	64932	623386	197547	432445	128284
1930	265936	149143	60568	149781	2629
1931	321583	334662	159718	166622	76882
1932	342576	26548	342575	206629	30676
1933	5775	184615	710230	710353	709157
1935	52096	592849	375721	592860	166858
1936	61130	277693	378966	204406	169701
1937	186312	186645	43097	220957	149448
1938	255652	333459	210594	210591	546490
1940	37030	36805	37033	126082	457649
1941	304323	195599	370537	175195	414602
1942	638568	14880	328665		
1943	319238	261412	196885	178569	179030
1944	312103	1515	78668	252268	271012
1945	29967	29969	29970	29968	138875
1946	418722	124693	79908	152710	161048
1947	140041	70876	7508	290534	252266
1948	267552	267549	471921	12289	113826
1949	5646	119761	617835	459841	132498
1950	186626	50520	328502	178756	186059
1951	437656	167384	206428	615296	615292
1952	298116	362965	180014	362964	168479
1953	215797	206212	162843	206211	22507
1954	2926	35734	427787	52509	326921
1955	344839	327082	199115	105691	
1956	553533	54836	514346	54898	64094
1957	2321	58683	494436	494402	138014
1958	146624	55759	51101	370574	178770
1959	203899	203897	388719	6128	184828
1960	402283	418537	424336	424444	538352
1961	50577	59706	370204	202574	355422
1962	335862	1531	35734	29753	116418
1963	459865	525747	434938	97938	434937
1964	50083	339071	97206	541324	255842
1965	362965	161720	155772	332220	92283
1967	6010	616427			
1968	76080	316088	316089	343722	330155
1969	71384	59716	59717	9593	67586
1970	186794	87828	5025	325707	140887
1971	178278	496486	154728	290996	591431
1972	528642	465317	71693	342834	397024
1973	627135	52219	533553	105742	187952
1974	98083	206634	105197	38800	212045
1975	82317	167112	172610	395862	234440
1976	79782	458081	458083	263678	555876
1977	178853	152710	217454	179015	5453
1978	382513	299402	175275	200613	482380
1979	479762	619257	248900	37379	619256
1980	2588	347456	284229	138864	197455
1982	197450	197451	231472	353617	353641
1983	47005	319762	319865	5214	561702
1984	423703	220717	163918	212137	297266
1986	112929	310862	310865	462889	112930
1987	83709	404520	196549	399673	28067
1988	306777	88962	57399	178278	485249
1989	593543	326169	31027	171874	193332
1990	449467	170567	269032	57195	178743
1991	323881	427115	173497	168867	262250
1992	137956	53585	63971	187585	521806
1993	262351	224156	179639	103895	362241
1995	188859	292320	60885	248978	266486
1996	372147	238878	315577	350687	271031
1997	167563	467056	430914		
1998	616957	430763	585038	83671	420553
1999	84195	597043	136555	74572	439964
2000	295714	161	70915	110999	110996
2001	168724	431892	19504	135013	14739
2002	524642	524641	161098	39584	
2003	87843	242647	87844	214079	215956
2004	188852	275352	200412	200413	275353
2005	595743	418236	112780	48804	245691
2006	235578	150444	394513	179735	150446
2007	57265	247646	74877	107377	171715
2008	229856	19810	178456	389582	36338
2010	323236	51043	458285	140891	7385
2011	701208	511985	701177	700683	700498
2012	168874	526676	168667		
2013	606448				
2014	486654	18175	36431	175275	211948
2016	361274	29106	505487	23989	23990
2017	17986	121389	210786	190576	203094
2018	334103	229472	208769	589774	208771
2019	487690	261015	182464	46803	27410
2020	396003	429485	129821	444632	129820
2021	516761	362171	460397	146877	36326
2022	386526	228788	215797	421095	532505
2023	148471	603808	12935	521211	174576
2024	625750	28998	625749	362739	229617
2025	15868				
2026	334678	542312	542315	369663	216774
2027	386448	386421	87257	386419	51443
2028	88776	352231	62393	367039	96321
2029	212437	138989	456755	393343	636406
2030	523726	147574	241302	143031	435467
2032	99285	156315	52103	240423	152391
2033	70727	244589	140313	98807	39523
2034	441803	382292	12772	92322	382290
2035	22376	216318	17810		
2036	468226	200547	24493	353418	100701
2037	178917	167533	328179	323052	95543
2038	70662	628089	356969	21930	266668
2039	27386	327801	7845	213674	275803
2040	587401	57399	8377	366610	366609
2041	342286	96250	632446	342284	249880
2042	111191	317833	585763	364744	81267
2043	56836	519511	14599	286794	286795
2044	227631	25581	206634	500428	304221
2045	18452	440771	198801	627481	442038
2046	204219	169216	162245	108	271684
2047	161606	314347	329025	12549	362501
2048	29098	603547	179811	404805	58683
2049	464928	101348	426239	615153	36286
2050	44197	182863	422039	410376	187590
2051	371464	269728	168612	168487	46824
2052	444721	287569	15964	376250	101
2053	314227	195205	394510	316489	544352
2054	74781	49235	544887	440464	43249
2055	118796	81444	118798	258932	258931
2056	382207	168463	179118	168385	71320
2057	312036	266045	53857	263408	145728
2058	262219	262218	53848	62377	213055
2059	346233	274691	269967	88860	269966
2060	219269	220909	34690	402024	616287
2061	170548	213557	143835	441048	491963
2062	553632	212564	14754	464520	212563
2063	276205	464184	608276	99294	320492
2064	141956	114004	6422	325081	408943
2065	130319	283640	422015	382693	59524
2066	244726	130843	246810	442897	593661
2067	167721	379726	117964	420290	558714
2068	9405	198231	388377	240215	488692
2069	130542	130543	323371	154623	197246
2070	626207	523995	636232	341368	475084
2071	58413	123514	20512	145418	45275
2072	397062	162797	645480	75549	187036
2073	364338	227687	100723	39188	386526
2075	484526	348636	247133	124590	248538
2076	544412	5071	544411	456446	398209
2077	84765	18846	79798	160152	84764
2078	29437	316021	58573	255220	54529
2079	441322	274094	615329	221556	105197
2081	70876	162069	69233	357880	162068
2082	197653	462436	89131	399646	445150
2083	174758	511719	235580	51519	117411
2084	271956	150951	66014	111610	181906
2085	2368	461388	144270	365194	21861
2086	401752	245099	199080	374014	199081
2087	52107	590555	385781	602410	9831
2088	57265	253257	60826	488270	387965
2089	157985	118504	91570	331801	555335
2090	75495				
2091	167721	216776	188832	227065	305528
2092	336852	448088	356055	532053	384233
2093	474665	256807	220909	168837	89840
2094	232673	176215	298158	626774	293319
2095	398798	321296	13674	296474	18669
2096	54474	371131	371136	371130	58351
2097	279678	382165	619019	193154	404523
2098	378582	333319	355404	377476	243004
2099	26506	89704	201216	303275	89705
2100	268195	607396	176812	607225	160052
2101	179533	179089	255824	35705	424081
2102	164098	247005	255600	232891	359191
2103	106473	377188	585501	53439	22194
2104	5827	613172	130842	388911	301232
2105	365103	188612	449414	87142	292739
2106	230592	408885	160492	10944	200836
2107	619154	159663	46384	469776	120953
2108	227228	195924	390302	194467	176657
2109	26744	25582	142217	36377	42947
2111	386526	126805	198265	189627	265035
2112	439914	147384	25856	399977	266415
2113	378965	378960	369311	378966	46173
2114	302587	264027	314940	555057	196355
2115	222921	222922	513004	194301	166035
2116	10178	250083	413780	418816	299518
2117	335862	396465	335861	175625	50986
2118	369162	608276	294522	198011	401947
2119	208687	157015	74018	160071	443879
2120	145903	545566	63407	378835	338443
2121	15610	42873	30058	614834	530122
2122	178616	536403	166586	526302	6732
2123	362965	411337	597721	45181	273413
2124	562805	72929	168128	562870	6120
2125	282898	41153	62203	90778	196002
2126	709024	102326	120819	27098	352552
2127	229388	113960	418884	444134	629107
2128	50894	86464	79208	481911	246928
2129	331906	215138	331905	248894	75695
2130	307444	483238	635929	167112	353335
2131	25828	238218	79173	58060	244058
2132	74685	448589	213674	24982	197566
2133	20571	108364	492413	228980	20569
2134	89048	283269	381948	257483	191010
2136	596600	415303	167613	260724	477988
2137	194166	87165	146169	101350	87166
2138	94581	600697	174386	178853	79786
2140	221102	4354	235519	295579	235518
2141	599129	49103	180107	437752	270115
2143	256671	601543	298529	380594	174566
2144	186226	263267			
2145	126082	24493	238987	372136	17153
2146	255908	221895	221897	255907	221896
2147	262219	347202	190249	51169	24782
2148	471790	219840	178743	156591	158377
2149	355221	354042	586736	240156	566473
2151	434714	26157	43866		
2152	628446	371253	168373	532105	213557
2153	161606	297525	27270	49466	383072
2154	476970	241361	395519	161336	544437
2155	34461	19741	217454	167882	224498
2156	181674	297928	275088	263545	49873
2157	208600	241257	317206	168613	428103
2158	398704	24986	481499	197047	77346
2159	535795	354387	221231	102465	79804
2160	233735	402269	161613	129511	99946
2161	161123	645692	645693	175808	29881
2162	351503	52846	28407	35782	28018
2163	92194	217952	178640	178488	83672
2164	366543	283031	597289	242415	215282
2165	221173	213846	395539	213845	395540
2166	589415	366867	240411	301042	327739
2167	523726	590901	44831	68865	8689
2168	90619	142829	347372	268904	419872
2169	139399	200791	178353	190891	238308
2170	104694	349277	235930	626760	370149
2171	250097	166654	484907	396841	396840
2172	18180	70641	322577	604745	252268
2173	60773	280553	81440	243176	79748
2174	354970	167219	35565	241613	167196
2175	190224	396228	261962	396227	396285
2176	336970	429348	271500	473301	301074
2177	489087	541408	139399	348239	16509
2178	185954	63894	399430	75615	98155
2179	23716	126082	268247	217952	79970
2181	107060	95387	363331	12868	171127
2182	556423	524681	422083	3023	422090
2183	368027	237532	544897	245697	368030
2184	183666				
2185	535423	339249	268791	126143	14587
2186	596784	367127	74488	607716	37372
2188	130625	189247	612884	350685	325655
2189	35021	152931	599028	217214	432007
2190	55759	244589	206269	407814	407815
2191	662695	431774	92979	372401	587233
2192	300133	168390	267484	267485	64364
2193	70915	60770	372843	7317	37528
2194	178765	599656	19386	50479	176579
2195	232978	261632	94025	227002	227003
2196	18579	146971	504908	339838	387706
2198	76785	76783	217956	510648	76784
2200	168665	269723	389415	94604	389416
2201	163779	689793	610903	658867	178278
2203	394201	601160	65218	594049	230307
2204	65237	226513	428074	50211	275075
2205	273411	34008	162897	102612	632490
2206	64304	246623	217053	176215	407160
2207	104826	380818	174329	434701	12945
2208	103751	502414	392420	392423	103752
2209	545052	482408	399738	397427	545053
2210	104689	544410	127118	175428	366013
2211	203899	203897	247132	247130	265566
2212	458321	64565	247957	96598	53592
2213	88513	88512	351174	4929	327248
2214	160382	294806	96669	228281	160498
2215	198793	451950	198794	345801	522569
2216	48314	561538	472721	543649	175428
2217	47631	13567	513409	47642	151106
2218	255600	19056	2278	197889	35383
2219	241751	268161	54261	275513	180909
2220	130101	109033	206419	124911	30842
2221	461378	282138	707712	155859	68367
2222	226995	298621	133019	226993	195212
2223	125980	125978	165489	73459	221084
2224	153192	193344	87384	112609	405255
2225	213347	210081	378835	213350	8423
2226	219260	224187	209279	17242	494669
2227	170562	103369	285280	39790	396465
2228	155357	331709	73260	41732	55820
2229	462420	385669	598316	239025	361728
2230	178773	75716	79649	61330	241361
2231	535971	523515	299776	187009	149573
2232	286458	71252	286455	183952	196853
2233	566137	178858	444214	47459	566124
2234	164560	178326	428070	221255	179428
2235	519313	71347	456769	191758	341203
2236	129323	543792	543493		
2237	387706	401982	387698	165877	387700
2238	174140	211861	92695	295234	229139
2239	9128	326813	191346	45817	45815
2240	47631	489170	234673	184519	463278
2241	219269	310974	525324	491105	188859
2242	145	178743	75046	50846	186983
2243	373492	196553	463451	111191	387488
2244	77417	92593	167507	150144	167241
2245	326684	171659	362054	505974	156935
2246	487686	614987	487687	624540	488775
2247	233735	108913	270938	158366	110431
2248	329623	532324	152890	89984	31843
2249	18452	440771	94497	198801	220221
2250	59988	244399	180369	400717	369223
2251	130167	25967	278978	272218	272219
2252	268575	62448	6422	434039	688751
2253	328894	471810	58458	170853	555094
2254	18111	166885	167506	167733	394150
2255	504563	435424	57231	107347	114257
2256	246565	104581	197496	264800	104580
102	52859	290710	12181	150496	454884
465	530800	381403	11810	382144	502951
500	170685	36513	200310	321	77142
529	207647	278062	505286	223531	210112
544	327224	130735	223354	311577	182551
548	499509	6480	72661	150596	499508
565	283873	283812	291629	283865	590239
572	632511	40720	34678	587624	592062
674	296307	590578	81308	81307	308681
689	350439	423994	423993	540388	251798
714	503371	7112	592168	191288	171530
774	445993	383353	628374	340956	509475
795	17946	308574	163259	304815	278895
834	351352	93882	114639	235321	64038
846	176309	166720	62306	152032	58106
941	80472	112963	223189	177611	145815
969	236854	127104	266559	127106	407610
971	266807	117669	461786	134471	187712
974	111452	111453	16425	111455	206372
1007	502566	145064	238279	540417	220106
1014	297786	38459	36954	624240	135681
1016	203836	43924	271669	454500	199819
1042	583043	422055	64167	101688	422054
1045	356485	51253	161658	185980	113509
1118	555882	626291	24470	626254	507150
1137	171262				
1151	625510	26926	19305	150022	618358
1173	180397	180396	180549	465217	180547
1185	583686	15851	636492	66243	567431
1189	255624	374300	319464	428915	39233
1225	196923	598884	326132	326131	159333
1235	69766	213470	69767		
1271					
1309	369955	3248	28111	623162	300337
1368	624493	251016	508857	508856	374133
1372	627132	46937	71245	386038	16727
1381	49980	42110	217624	140956	34545
1439	353687	77421	257484	353688	58460
1479	135717	135723	181585	207521	181623
1557	622422	211633	192080	192081	193570
1568	41723	404179	433628	433630	389673
1585	139836	407026	584287	369820	17413
1622	56754	705372			
1648	165028	462055	230375	271761	601035
1654	323965	222168	6057	626419	72276
1656	103624	103623	103625	103626	60049
1685	87828	154035	154036	505363	214758
1713	201081	589273	201374	475217	475201
1735	108889	247319	108888	225775	710556
1753	275686	131202	56835	49381	131203
1760	102717	214669	32174	480549	64471
1818	177462	601267	79530	79529	601100
1856	184589	388918	221044	26868	526411
1920	364370	394926	364369	29710	515531
1924	524066				
1981	24858	51054	206584	347421	387099
1985	309667	301076	48823	608462	207100
2110	266866	219396	383271	209130	188724
2135	89048	381948	257483	191010	333223
2139	168091	188162	225502	205050	108124
2142	345888	76710	192123	435250	194378
2197	45557	45556	191869	192035	
2199	68450	40750	198381	301093	322516